observationDate,observationAbout,variableMeasured,value,unit,measurementMethod,observationPeriod
2026,country/IND,dcid:Nominal_Amount_EconomicActivity_GrossValueAdded_AgricultureForestryFishingSector,54279080000000,INR,MOSPIFirstAdvanceEstimates,P1Y
2026,country/IND,dcid:RealValue_Amount_EconomicActivity_GrossValueAdded_AgricultureForestryFishingSector,25540712073820.363,INR,MOSPIFirstAdvanceEstimates,P1Y
2026,country/IND,dcid:Nominal_Amount_EconomicActivity_GrossValueAdded_MiningQuarrying,5085540000000,INR,MOSPIFirstAdvanceEstimates,P1Y
2026,country/IND,dcid:RealValue_Amount_EconomicActivity_GrossValueAdded_MiningQuarrying,3365500691926.3286,INR,MOSPIFirstAdvanceEstimates,P1Y
2026,country/IND,dcid:Nominal_Amount_EconomicActivity_GrossValueAdded_ManufacturingSector,45545800000000,INR,MOSPIFirstAdvanceEstimates,P1Y
2026,country/IND,dcid:RealValue_Amount_EconomicActivity_GrossValueAdded_ManufacturingSector,31613639926032.12,INR,MOSPIFirstAdvanceEstimates,P1Y
2026,country/IND,dcid:Nominal_Amount_EconomicActivity_GrossValueAdded_ElectricityGasSteamAirConditionSupply,8172650000000,INR,MOSPIFirstAdvanceEstimates,P1Y
2026,country/IND,dcid:RealValue_Amount_EconomicActivity_GrossValueAdded_ElectricityGasSteamAirConditionSupply,4137020035949.098,INR,MOSPIFirstAdvanceEstimates,P1Y
2026,country/IND,dcid:Nominal_Amount_EconomicActivity_GrossValueAdded_ConstructionSector,27998470000000,INR,MOSPIFirstAdvanceEstimates,P1Y
2026,country/IND,dcid:RealValue_Amount_EconomicActivity_GrossValueAdded_ConstructionSector,16827923545064.754,INR,MOSPIFirstAdvanceEstimates,P1Y
2026,country/IND,dcid:Nominal_Amount_EconomicActivity_GrossValueAdded_TradeSectorOrTransportStorageSectorOrPublishingBroadcastingInformationActivities,56407410000000,INR,MOSPIFirstAdvanceEstimates,P1Y
2026,country/IND,dcid:RealValue_Amount_EconomicActivity_GrossValueAdded_TradeSectorOrTransportStorageSectorOrPublishingBroadcastingInformationActivities,34155524257778.26,INR,MOSPIFirstAdvanceEstimates,P1Y
2026,country/IND,dcid:Nominal_Amount_EconomicActivity_GrossValueAdded_FinanceService,76571550000000,INR,MOSPIFirstAdvanceEstimates,P1Y
2026,country/IND,dcid:RealValue_Amount_EconomicActivity_GrossValueAdded_FinanceService,44943413591676.45,INR,MOSPIFirstAdvanceEstimates,P1Y
2026,country/IND,dcid:Nominal_Amount_EconomicActivity_GrossValueAdded_PublicAdministrationAndDefenceOrMOSPIOtherService,49418230000000,INR,MOSPIFirstAdvanceEstimates,P1Y
2026,country/IND,dcid:RealValue_Amount_EconomicActivity_GrossValueAdded_PublicAdministrationAndDefenceOrMOSPIOtherService,23914548543242.504,INR,MOSPIFirstAdvanceEstimates,P1Y
2026,country/IND,dcid:Nominal_Amount_EconomicActivity_GrossValueAdded,323478730000000,INR,MOSPIFirstAdvanceEstimates,P1Y
2026,country/IND,dcid:Amount_EconomicActivity_GrossValueAdded_RealValue,184498282665489.88,INR,MOSPIFirstAdvanceEstimates,P1Y
2025,country/IND,dcid:Nominal_Amount_EconomicActivity_GrossValueAdded_AgricultureForestryFishingSector,51995466015141.69,INR,MOSPIFirstAdvanceEstimates,P1Y
2025,country/IND,dcid:RealValue_Amount_EconomicActivity_GrossValueAdded_AgricultureForestryFishingSector,23917643915126.08,INR,MOSPIFirstAdvanceEstimates,P1Y
2025,country/IND,dcid:Nominal_Amount_EconomicActivity_GrossValueAdded_MiningQuarrying,5395674890433.992,INR,MOSPIFirstAdvanceEstimates,P1Y
2025,country/IND,dcid:RealValue_Amount_EconomicActivity_GrossValueAdded_MiningQuarrying,3472713346616.1763,INR,MOSPIFirstAdvanceEstimates,P1Y
2025,country/IND,dcid:Nominal_Amount_EconomicActivity_GrossValueAdded_ManufacturingSector,40707619133804.48,INR,MOSPIFirstAdvanceEstimates,P1Y
2025,country/IND,dcid:RealValue_Amount_EconomicActivity_GrossValueAdded_ManufacturingSector,28981615522745.523,INR,MOSPIFirstAdvanceEstimates,P1Y
2025,country/IND,dcid:Nominal_Amount_EconomicActivity_GrossValueAdded_ElectricityGasSteamAirConditionSupply,6823561562418.348,INR,MOSPIFirstAdvanceEstimates,P1Y
2025,country/IND,dcid:RealValue_Amount_EconomicActivity_GrossValueAdded_ElectricityGasSteamAirConditionSupply,3997810315199.3286,INR,MOSPIFirstAdvanceEstimates,P1Y
2025,country/IND,dcid:Nominal_Amount_EconomicActivity_GrossValueAdded_ConstructionSector,25882570081456.7,INR,MOSPIFirstAdvanceEstimates,P1Y
2025,country/IND,dcid:RealValue_Amount_EconomicActivity_GrossValueAdded_ConstructionSector,15591602805394.486,INR,MOSPIFirstAdvanceEstimates,P1Y
2025,country/IND,dcid:Nominal_Amount_EconomicActivity_GrossValueAdded_TradeSectorOrTransportStorageSectorOrPublishingBroadcastingInformationActivities,50574746354304.414,INR,MOSPIFirstAdvanceEstimates,P1Y
2025,country/IND,dcid:RealValue_Amount_EconomicActivity_GrossValueAdded_TradeSectorOrTransportStorageSectorOrPublishingBroadcastingInformationActivities,31285340625885.742,INR,MOSPIFirstAdvanceEstimates,P1Y
2025,country/IND,dcid:Nominal_Amount_EconomicActivity_GrossValueAdded_FinanceService,66868817288410.51,INR,MOSPIFirstAdvanceEstimates,P1Y
2025,country/IND,dcid:RealValue_Amount_EconomicActivity_GrossValueAdded_FinanceService,39602324615123.086,INR,MOSPIFirstAdvanceEstimates,P1Y
2025,country/IND,dcid:Nominal_Amount_EconomicActivity_GrossValueAdded_PublicAdministrationAndDefenceOrMOSPIOtherService,44387631832746.55,INR,MOSPIFirstAdvanceEstimates,P1Y
2025,country/IND,dcid:RealValue_Amount_EconomicActivity_GrossValueAdded_PublicAdministrationAndDefenceOrMOSPIOtherService,22062899696545.395,INR,MOSPIFirstAdvanceEstimates,P1Y
2025,country/IND,dcid:Nominal_Amount_EconomicActivity_GrossValueAdded,292636087158716.7,INR,MOSPIFirstAdvanceEstimates,P1Y
2025,country/IND,dcid:Amount_EconomicActivity_GrossValueAdded_RealValue,168911950842635.8,INR,MOSPIFirstAdvanceEstimates,P1Y
2024,country/IND,dcid:Nominal_Amount_EconomicActivity_GrossValueAdded_AgricultureForestryFishingSector,48092506868885.71,INR,MOSPIFirstAdvanceEstimates,P1Y
2024,country/IND,dcid:RealValue_Amount_EconomicActivity_GrossValueAdded_AgricultureForestryFishingSector,22749333280087.227,INR,MOSPIFirstAdvanceEstimates,P1Y
2024,country/IND,dcid:Nominal_Amount_EconomicActivity_GrossValueAdded_MiningQuarrying,6173957347106.315,INR,MOSPIFirstAdvanceEstimates,P1Y
2024,country/IND,dcid:RealValue_Amount_EconomicActivity_GrossValueAdded_MiningQuarrying,3508697297561.232,INR,MOSPIFirstAdvanceEstimates,P1Y
2024,country/IND,dcid:Nominal_Amount_EconomicActivity_GrossValueAdded_ManufacturingSector,37962695655637.13,INR,MOSPIFirstAdvanceEstimates,P1Y
2024,country/IND,dcid:RealValue_Amount_EconomicActivity_GrossValueAdded_ManufacturingSector,27880558047932.656,INR,MOSPIFirstAdvanceEstimates,P1Y
2024,country/IND,dcid:Nominal_Amount_EconomicActivity_GrossValueAdded_ElectricityGasSteamAirConditionSupply,8096048835814.187,INR,MOSPIFirstAdvanceEstimates,P1Y
2024,country/IND,dcid:RealValue_Amount_EconomicActivity_GrossValueAdded_ElectricityGasSteamAirConditionSupply,3729187662185.2793,INR,MOSPIFirstAdvanceEstimates,P1Y
2024,country/IND,dcid:Nominal_Amount_EconomicActivity_GrossValueAdded_ConstructionSector,22213632347611.37,INR,MOSPIFirstAdvanceEstimates,P1Y
2024,country/IND,dcid:RealValue_Amount_EconomicActivity_GrossValueAdded_ConstructionSector,13758004306101.99,INR,MOSPIFirstAdvanceEstimates,P1Y
2024,country/IND,dcid:Nominal_Amount_EconomicActivity_GrossValueAdded_TradeSectorOrTransportStorageSectorOrPublishingBroadcastingInformationActivities,47077275395323.97,INR,MOSPIFirstAdvanceEstimates,P1Y
2024,country/IND,dcid:RealValue_Amount_EconomicActivity_GrossValueAdded_TradeSectorOrTransportStorageSectorOrPublishingBroadcastingInformationActivities,29770072216892.04,INR,MOSPIFirstAdvanceEstimates,P1Y
2024,country/IND,dcid:Nominal_Amount_EconomicActivity_GrossValueAdded_FinanceService,58267649514980.3,INR,MOSPIFirstAdvanceEstimates,P1Y
2024,country/IND,dcid:RealValue_Amount_EconomicActivity_GrossValueAdded_FinanceService,36155450591293.58,INR,MOSPIFirstAdvanceEstimates,P1Y
2024,country/IND,dcid:Nominal_Amount_EconomicActivity_GrossValueAdded_PublicAdministrationAndDefenceOrMOSPIOtherService,39238186479919.94,INR,MOSPIFirstAdvanceEstimates,P1Y
2024,country/IND,dcid:RealValue_Amount_EconomicActivity_GrossValueAdded_PublicAdministrationAndDefenceOrMOSPIOtherService,20270262037978.863,INR,MOSPIFirstAdvanceEstimates,P1Y
2024,country/IND,dcid:Nominal_Amount_EconomicActivity_GrossValueAdded,267121952445278.9,INR,MOSPIFirstAdvanceEstimates,P1Y
2024,country/IND,dcid:Amount_EconomicActivity_GrossValueAdded_RealValue,157821565440032.84,INR,MOSPIFirstAdvanceEstimates,P1Y
2023,country/IND,dcid:Nominal_Amount_EconomicActivity_GrossValueAdded_AgricultureForestryFishingSector,44771713245059.92,INR,MOSPIFirstAdvanceEstimates,P1Y
2023,country/IND,dcid:RealValue_Amount_EconomicActivity_GrossValueAdded_AgricultureForestryFishingSector,21825821414255.06,INR,MOSPIFirstAdvanceEstimates,P1Y
2023,country/IND,dcid:Nominal_Amount_EconomicActivity_GrossValueAdded_MiningQuarrying,7050342868325.582,INR,MOSPIFirstAdvanceEstimates,P1Y
2023,country/IND,dcid:RealValue_Amount_EconomicActivity_GrossValueAdded_MiningQuarrying,3358102557947.546,INR,MOSPIFirstAdvanceEstimates,P1Y
2023,country/IND,dcid:Nominal_Amount_EconomicActivity_GrossValueAdded_ManufacturingSector,35744036357755.14,INR,MOSPIFirstAdvanceEstimates,P1Y
2023,country/IND,dcid:RealValue_Amount_EconomicActivity_GrossValueAdded_ManufacturingSector,25093658158920.08,INR,MOSPIFirstAdvanceEstimates,P1Y
2023,country/IND,dcid:Nominal_Amount_EconomicActivity_GrossValueAdded_ElectricityGasSteamAirConditionSupply,7589589067262.907,INR,MOSPIFirstAdvanceEstimates,P1Y
2023,country/IND,dcid:RealValue_Amount_EconomicActivity_GrossValueAdded_ElectricityGasSteamAirConditionSupply,3396599673305.2617,INR,MOSPIFirstAdvanceEstimates,P1Y
2023,country/IND,dcid:Nominal_Amount_EconomicActivity_GrossValueAdded_ConstructionSector,20041777984188.68,INR,MOSPIFirstAdvanceEstimates,P1Y
2023,country/IND,dcid:RealValue_Amount_EconomicActivity_GrossValueAdded_ConstructionSector,11713148177779.371,INR,MOSPIFirstAdvanceEstimates,P1Y
2023,country/IND,dcid:Nominal_Amount_EconomicActivity_GrossValueAdded_TradeSectorOrTransportStorageSectorOrPublishingBroadcastingInformationActivities,43882119765092.89,INR,MOSPIFirstAdvanceEstimates,P1Y
2023,country/IND,dcid:RealValue_Amount_EconomicActivity_GrossValueAdded_TradeSectorOrTransportStorageSectorOrPublishingBroadcastingInformationActivities,27122352283135.49,INR,MOSPIFirstAdvanceEstimates,P1Y
2023,country/IND,dcid:Nominal_Amount_EconomicActivity_GrossValueAdded_FinanceService,51981084496562.61,INR,MOSPIFirstAdvanceEstimates,P1Y
2023,country/IND,dcid:RealValue_Amount_EconomicActivity_GrossValueAdded_FinanceService,32841297713360.68,INR,MOSPIFirstAdvanceEstimates,P1Y
2023,country/IND,dcid:Nominal_Amount_EconomicActivity_GrossValueAdded_PublicAdministrationAndDefenceOrMOSPIOtherService,36201482301352.26,INR,MOSPIFirstAdvanceEstimates,P1Y
2023,country/IND,dcid:RealValue_Amount_EconomicActivity_GrossValueAdded_PublicAdministrationAndDefenceOrMOSPIOtherService,19835753307929.836,INR,MOSPIFirstAdvanceEstimates,P1Y
2023,country/IND,dcid:Nominal_Amount_EconomicActivity_GrossValueAdded,247262146085599.97,INR,MOSPIFirstAdvanceEstimates,P1Y
2023,country/IND,dcid:Amount_EconomicActivity_GrossValueAdded_RealValue,145186733286633.3,INR,MOSPIFirstAdvanceEstimates,P1Y
2022,country/IND,dcid:Nominal_Amount_EconomicActivity_GrossValueAdded_AgricultureForestryFishingSector,39454114213767.516,INR,MOSPIFirstAdvanceEstimates,P1Y
2022,country/IND,dcid:RealValue_Amount_EconomicActivity_GrossValueAdded_AgricultureForestryFishingSector,21194491346898.113,INR,MOSPIFirstAdvanceEstimates,P1Y
2022,country/IND,dcid:Nominal_Amount_EconomicActivity_GrossValueAdded_MiningQuarrying,4752017693859.038,INR,MOSPIFirstAdvanceEstimates,P1Y
2022,country/IND,dcid:RealValue_Amount_EconomicActivity_GrossValueAdded_MiningQuarrying,3368594732722.192,INR,MOSPIFirstAdvanceEstimates,P1Y
2022,country/IND,dcid:Nominal_Amount_EconomicActivity_GrossValueAdded_ManufacturingSector,32379954891279.324,INR,MOSPIFirstAdvanceEstimates,P1Y
2022,country/IND,dcid:RealValue_Amount_EconomicActivity_GrossValueAdded_ManufacturingSector,23702880118811.727,INR,MOSPIFirstAdvanceEstimates,P1Y
2022,country/IND,dcid:Nominal_Amount_EconomicActivity_GrossValueAdded_ElectricityGasSteamAirConditionSupply,5333710274390.906,INR,MOSPIFirstAdvanceEstimates,P1Y
2022,country/IND,dcid:RealValue_Amount_EconomicActivity_GrossValueAdded_ElectricityGasSteamAirConditionSupply,3322346082648.5146,INR,MOSPIFirstAdvanceEstimates,P1Y
2022,country/IND,dcid:Nominal_Amount_EconomicActivity_GrossValueAdded_ConstructionSector,16865869133248.248,INR,MOSPIFirstAdvanceEstimates,P1Y
2022,country/IND,dcid:RealValue_Amount_EconomicActivity_GrossValueAdded_ConstructionSector,10474481549858.377,INR,MOSPIFirstAdvanceEstimates,P1Y
2022,country/IND,dcid:Nominal_Amount_EconomicActivity_GrossValueAdded_TradeSectorOrTransportStorageSectorOrPublishingBroadcastingInformationActivities,35608641153172.84,INR,MOSPIFirstAdvanceEstimates,P1Y
2022,country/IND,dcid:RealValue_Amount_EconomicActivity_GrossValueAdded_TradeSectorOrTransportStorageSectorOrPublishingBroadcastingInformationActivities,24703200732370.36,INR,MOSPIFirstAdvanceEstimates,P1Y
2022,country/IND,dcid:Nominal_Amount_EconomicActivity_GrossValueAdded_FinanceService,44040861524195.414,INR,MOSPIFirstAdvanceEstimates,P1Y
2022,country/IND,dcid:RealValue_Amount_EconomicActivity_GrossValueAdded_FinanceService,29881305958057.723,INR,MOSPIFirstAdvanceEstimates,P1Y
2022,country/IND,dcid:Nominal_Amount_EconomicActivity_GrossValueAdded_PublicAdministrationAndDefenceOrMOSPIOtherService,31930237734009.09,INR,MOSPIFirstAdvanceEstimates,P1Y
2022,country/IND,dcid:RealValue_Amount_EconomicActivity_GrossValueAdded_PublicAdministrationAndDefenceOrMOSPIOtherService,18577305638574.414,INR,MOSPIFirstAdvanceEstimates,P1Y
2022,country/IND,dcid:Nominal_Amount_EconomicActivity_GrossValueAdded,210365406617922.38,INR,MOSPIFirstAdvanceEstimates,P1Y
2022,country/IND,dcid:Amount_EconomicActivity_GrossValueAdded_RealValue,135224606159941.42,INR,MOSPIFirstAdvanceEstimates,P1Y
2021,country/IND,dcid:Nominal_Amount_EconomicActivity_GrossValueAdded_AgricultureForestryFishingSector,34948230000000,INR,MOSPIFirstAdvanceEstimates,P1Y
2021,country/IND,dcid:RealValue_Amount_EconomicActivity_GrossValueAdded_AgricultureForestryFishingSector,20139270000000,INR,MOSPIFirstAdvanceEstimates,P1Y
2021,country/IND,dcid:Nominal_Amount_EconomicActivity_GrossValueAdded_MiningQuarrying,2942490000000,INR,MOSPIFirstAdvanceEstimates,P1Y
2021,country/IND,dcid:RealValue_Amount_EconomicActivity_GrossValueAdded_MiningQuarrying,3116210000000,INR,MOSPIFirstAdvanceEstimates,P1Y
2021,country/IND,dcid:Nominal_Amount_EconomicActivity_GrossValueAdded_ManufacturingSector,25537080000000,INR,MOSPIFirstAdvanceEstimates,P1Y
2021,country/IND,dcid:RealValue_Amount_EconomicActivity_GrossValueAdded_ManufacturingSector,20989120000000,INR,MOSPIFirstAdvanceEstimates,P1Y
2021,country/IND,dcid:Nominal_Amount_EconomicActivity_GrossValueAdded_ElectricityGasSteamAirConditionSupply,4771110000000,INR,MOSPIFirstAdvanceEstimates,P1Y
2021,country/IND,dcid:RealValue_Amount_EconomicActivity_GrossValueAdded_ElectricityGasSteamAirConditionSupply,3171250000000,INR,MOSPIFirstAdvanceEstimates,P1Y
2021,country/IND,dcid:Nominal_Amount_EconomicActivity_GrossValueAdded_ConstructionSector,12137170000000,INR,MOSPIFirstAdvanceEstimates,P1Y
2021,country/IND,dcid:RealValue_Amount_EconomicActivity_GrossValueAdded_ConstructionSector,9032430000000,INR,MOSPIFirstAdvanceEstimates,P1Y
2021,country/IND,dcid:Nominal_Amount_EconomicActivity_GrossValueAdded_TradeSectorOrTransportStorageSectorOrPublishingBroadcastingInformationActivities,27111240000000,INR,MOSPIFirstAdvanceEstimates,P1Y
2021,country/IND,dcid:RealValue_Amount_EconomicActivity_GrossValueAdded_TradeSectorOrTransportStorageSectorOrPublishingBroadcastingInformationActivities,20261280000000,INR,MOSPIFirstAdvanceEstimates,P1Y
2021,country/IND,dcid:Nominal_Amount_EconomicActivity_GrossValueAdded_FinanceService,38963950000000,INR,MOSPIFirstAdvanceEstimates,P1Y
2021,country/IND,dcid:RealValue_Amount_EconomicActivity_GrossValueAdded_FinanceService,28918110000000,INR,MOSPIFirstAdvanceEstimates,P1Y
2021,country/IND,dcid:Nominal_Amount_EconomicActivity_GrossValueAdded_PublicAdministrationAndDefenceOrMOSPIOtherService,29357150000000,INR,MOSPIFirstAdvanceEstimates,P1Y
2021,country/IND,dcid:RealValue_Amount_EconomicActivity_GrossValueAdded_PublicAdministrationAndDefenceOrMOSPIOtherService,17764080000000,INR,MOSPIFirstAdvanceEstimates,P1Y
2021,country/IND,dcid:Nominal_Amount_EconomicActivity_GrossValueAdded,175768420000000,INR,MOSPIFirstAdvanceEstimates,P1Y
2021,country/IND,dcid:Amount_EconomicActivity_GrossValueAdded_RealValue,123391750000000,INR,MOSPIFirstAdvanceEstimates,P1Y
2020,country/IND,dcid:Nominal_Amount_EconomicActivity_GrossValueAdded_AgricultureForestryFishingSector,30471870000000,INR,MOSPIFirstAdvanceEstimates,P1Y
2020,country/IND,dcid:RealValue_Amount_EconomicActivity_GrossValueAdded_AgricultureForestryFishingSector,19076050000000,INR,MOSPIFirstAdvanceEstimates,P1Y
2020,country/IND,dcid:Nominal_Amount_EconomicActivity_GrossValueAdded_MiningQuarrying,4034360000000,INR,MOSPIFirstAdvanceEstimates,P1Y
2020,country/IND,dcid:RealValue_Amount_EconomicActivity_GrossValueAdded_MiningQuarrying,3761190000000,INR,MOSPIFirstAdvanceEstimates,P1Y
2020,country/IND,dcid:Nominal_Amount_EconomicActivity_GrossValueAdded_ManufacturingSector,28829580000000,INR,MOSPIFirstAdvanceEstimates,P1Y
2020,country/IND,dcid:RealValue_Amount_EconomicActivity_GrossValueAdded_ManufacturingSector,23741760000000,INR,MOSPIFirstAdvanceEstimates,P1Y
2020,country/IND,dcid:Nominal_Amount_EconomicActivity_GrossValueAdded_ElectricityGasSteamAirConditionSupply,5029170000000,INR,MOSPIFirstAdvanceEstimates,P1Y
2020,country/IND,dcid:RealValue_Amount_EconomicActivity_GrossValueAdded_ElectricityGasSteamAirConditionSupply,3019660000000,INR,MOSPIFirstAdvanceEstimates,P1Y
2020,country/IND,dcid:Nominal_Amount_EconomicActivity_GrossValueAdded_ConstructionSector,14398920000000,INR,MOSPIFirstAdvanceEstimates,P1Y
2020,country/IND,dcid:RealValue_Amount_EconomicActivity_GrossValueAdded_ConstructionSector,10872100000000,INR,MOSPIFirstAdvanceEstimates,P1Y
2020,country/IND,dcid:Nominal_Amount_EconomicActivity_GrossValueAdded_TradeSectorOrTransportStorageSectorOrPublishingBroadcastingInformationActivities,33912780000000,INR,MOSPIFirstAdvanceEstimates,P1Y
2020,country/IND,dcid:RealValue_Amount_EconomicActivity_GrossValueAdded_TradeSectorOrTransportStorageSectorOrPublishingBroadcastingInformationActivities,26160950000000,INR,MOSPIFirstAdvanceEstimates,P1Y
2020,country/IND,dcid:Nominal_Amount_EconomicActivity_GrossValueAdded_FinanceService,39449790000000,INR,MOSPIFirstAdvanceEstimates,P1Y
2020,country/IND,dcid:RealValue_Amount_EconomicActivity_GrossValueAdded_FinanceService,30274070000000,INR,MOSPIFirstAdvanceEstimates,P1Y
2020,country/IND,dcid:Nominal_Amount_EconomicActivity_GrossValueAdded_PublicAdministrationAndDefenceOrMOSPIOtherService,28895460000000,INR,MOSPIFirstAdvanceEstimates,P1Y
2020,country/IND,dcid:RealValue_Amount_EconomicActivity_GrossValueAdded_PublicAdministrationAndDefenceOrMOSPIOtherService,18498030000000,INR,MOSPIFirstAdvanceEstimates,P1Y
2020,country/IND,dcid:Nominal_Amount_EconomicActivity_GrossValueAdded,185021930000000,INR,MOSPIFirstAdvanceEstimates,P1Y
2020,country/IND,dcid:Amount_EconomicActivity_GrossValueAdded_RealValue,135403800000000,INR,MOSPIFirstAdvanceEstimates,P1Y
2019,country/IND,dcid:Nominal_Amount_EconomicActivity_GrossValueAdded_AgricultureForestryFishingSector,26924330000000,INR,MOSPIFirstAdvanceEstimates,P1Y
2019,country/IND,dcid:RealValue_Amount_EconomicActivity_GrossValueAdded_AgricultureForestryFishingSector,18428730000000,INR,MOSPIFirstAdvanceEstimates,P1Y
2019,country/IND,dcid:Nominal_Amount_EconomicActivity_GrossValueAdded_MiningQuarrying,4573010000000,INR,MOSPIFirstAdvanceEstimates,P1Y
2019,country/IND,dcid:RealValue_Amount_EconomicActivity_GrossValueAdded_MiningQuarrying,3851350000000,INR,MOSPIFirstAdvanceEstimates,P1Y
2019,country/IND,dcid:Nominal_Amount_EconomicActivity_GrossValueAdded_ManufacturingSector,28539860000000,INR,MOSPIFirstAdvanceEstimates,P1Y
2019,country/IND,dcid:RealValue_Amount_EconomicActivity_GrossValueAdded_ManufacturingSector,23462160000000,INR,MOSPIFirstAdvanceEstimates,P1Y
2019,country/IND,dcid:Nominal_Amount_EconomicActivity_GrossValueAdded_ElectricityGasSteamAirConditionSupply,4526830000000,INR,MOSPIFirstAdvanceEstimates,P1Y
2019,country/IND,dcid:RealValue_Amount_EconomicActivity_GrossValueAdded_ElectricityGasSteamAirConditionSupply,2871090000000,INR,MOSPIFirstAdvanceEstimates,P1Y
2019,country/IND,dcid:Nominal_Amount_EconomicActivity_GrossValueAdded_ConstructionSector,12786170000000,INR,MOSPIFirstAdvanceEstimates,P1Y
2019,country/IND,dcid:RealValue_Amount_EconomicActivity_GrossValueAdded_ConstructionSector,10113220000000,INR,MOSPIFirstAdvanceEstimates,P1Y
2019,country/IND,dcid:Nominal_Amount_EconomicActivity_GrossValueAdded_TradeSectorOrTransportStorageSectorOrPublishingBroadcastingInformationActivities,31577090000000,INR,MOSPIFirstAdvanceEstimates,P1Y
2019,country/IND,dcid:RealValue_Amount_EconomicActivity_GrossValueAdded_TradeSectorOrTransportStorageSectorOrPublishingBroadcastingInformationActivities,24676220000000,INR,MOSPIFirstAdvanceEstimates,P1Y
2019,country/IND,dcid:Nominal_Amount_EconomicActivity_GrossValueAdded_FinanceService,35557800000000,INR,MOSPIFirstAdvanceEstimates,P1Y
2019,country/IND,dcid:RealValue_Amount_EconomicActivity_GrossValueAdded_FinanceService,27759700000000,INR,MOSPIFirstAdvanceEstimates,P1Y
2019,country/IND,dcid:Nominal_Amount_EconomicActivity_GrossValueAdded_PublicAdministrationAndDefenceOrMOSPIOtherService,25128570000000,INR,MOSPIFirstAdvanceEstimates,P1Y
2019,country/IND,dcid:RealValue_Amount_EconomicActivity_GrossValueAdded_PublicAdministrationAndDefenceOrMOSPIOtherService,16925300000000,INR,MOSPIFirstAdvanceEstimates,P1Y
2019,country/IND,dcid:Nominal_Amount_EconomicActivity_GrossValueAdded,169613650000000,INR,MOSPIFirstAdvanceEstimates,P1Y
2019,country/IND,dcid:Amount_EconomicActivity_GrossValueAdded_RealValue,128087780000000,INR,MOSPIFirstAdvanceEstimates,P1Y
2018,country/IND,dcid:Nominal_Amount_EconomicActivity_GrossValueAdded_AgricultureForestryFishingSector,24385460000000,INR,MOSPIFirstAdvanceEstimates,P1Y
2018,country/IND,dcid:RealValue_Amount_EconomicActivity_GrossValueAdded_AgricultureForestryFishingSector,17323710000000,INR,MOSPIFirstAdvanceEstimates,P1Y
2018,country/IND,dcid:Nominal_Amount_EconomicActivity_GrossValueAdded_MiningQuarrying,3418430000000,INR,MOSPIFirstAdvanceEstimates,P1Y
2018,country/IND,dcid:RealValue_Amount_EconomicActivity_GrossValueAdded_MiningQuarrying,3399720000000,INR,MOSPIFirstAdvanceEstimates,P1Y
2018,country/IND,dcid:Nominal_Amount_EconomicActivity_GrossValueAdded_ManufacturingSector,24221010000000,INR,MOSPIFirstAdvanceEstimates,P1Y
2018,country/IND,dcid:RealValue_Amount_EconomicActivity_GrossValueAdded_ManufacturingSector,21123450000000,INR,MOSPIFirstAdvanceEstimates,P1Y
2018,country/IND,dcid:Nominal_Amount_EconomicActivity_GrossValueAdded_ElectricityGasSteamAirConditionSupply,3682690000000,INR,MOSPIFirstAdvanceEstimates,P1Y
2018,country/IND,dcid:RealValue_Amount_EconomicActivity_GrossValueAdded_ElectricityGasSteamAirConditionSupply,2586720000000,INR,MOSPIFirstAdvanceEstimates,P1Y
2018,country/IND,dcid:Nominal_Amount_EconomicActivity_GrossValueAdded_ConstructionSector,11096080000000,INR,MOSPIFirstAdvanceEstimates,P1Y
2018,country/IND,dcid:RealValue_Amount_EconomicActivity_GrossValueAdded_ConstructionSector,9270850000000,INR,MOSPIFirstAdvanceEstimates,P1Y
2018,country/IND,dcid:Nominal_Amount_EconomicActivity_GrossValueAdded_TradeSectorOrTransportStorageSectorOrPublishingBroadcastingInformationActivities,28257080000000,INR,MOSPIFirstAdvanceEstimates,P1Y
2018,country/IND,dcid:RealValue_Amount_EconomicActivity_GrossValueAdded_TradeSectorOrTransportStorageSectorOrPublishingBroadcastingInformationActivities,23298010000000,INR,MOSPIFirstAdvanceEstimates,P1Y
2018,country/IND,dcid:Nominal_Amount_EconomicActivity_GrossValueAdded_FinanceService,31861150000000,INR,MOSPIFirstAdvanceEstimates,P1Y
2018,country/IND,dcid:RealValue_Amount_EconomicActivity_GrossValueAdded_FinanceService,26066020000000,INR,MOSPIFirstAdvanceEstimates,P1Y
2018,country/IND,dcid:Nominal_Amount_EconomicActivity_GrossValueAdded_PublicAdministrationAndDefenceOrMOSPIOtherService,22054630000000,INR,MOSPIFirstAdvanceEstimates,P1Y
2018,country/IND,dcid:RealValue_Amount_EconomicActivity_GrossValueAdded_PublicAdministrationAndDefenceOrMOSPIOtherService,15644730000000,INR,MOSPIFirstAdvanceEstimates,P1Y
2018,country/IND,dcid:Nominal_Amount_EconomicActivity_GrossValueAdded,148976530000000,INR,MOSPIFirstAdvanceEstimates,P1Y
2018,country/IND,dcid:Amount_EconomicActivity_GrossValueAdded_RealValue,118713200000000,INR,MOSPIFirstAdvanceEstimates,P1Y
2017,country/IND,dcid:Nominal_Amount_EconomicActivity_GrossValueAdded_AgricultureForestryFishingSector,23182390000000,INR,MOSPIFirstAdvanceEstimates,P1Y
2017,country/IND,dcid:RealValue_Amount_EconomicActivity_GrossValueAdded_AgricultureForestryFishingSector,16698330000000,INR,MOSPIFirstAdvanceEstimates,P1Y
2017,country/IND,dcid:Nominal_Amount_EconomicActivity_GrossValueAdded_MiningQuarrying,3217010000000,INR,MOSPIFirstAdvanceEstimates,P1Y
2017,country/IND,dcid:RealValue_Amount_EconomicActivity_GrossValueAdded_MiningQuarrying,3126630000000,INR,MOSPIFirstAdvanceEstimates,P1Y
2017,country/IND,dcid:Nominal_Amount_EconomicActivity_GrossValueAdded_ManufacturingSector,21865730000000,INR,MOSPIFirstAdvanceEstimates,P1Y
2017,country/IND,dcid:RealValue_Amount_EconomicActivity_GrossValueAdded_ManufacturingSector,19570260000000,INR,MOSPIFirstAdvanceEstimates,P1Y
2017,country/IND,dcid:Nominal_Amount_EconomicActivity_GrossValueAdded_ElectricityGasSteamAirConditionSupply,3354570000000,INR,MOSPIFirstAdvanceEstimates,P1Y
2017,country/IND,dcid:RealValue_Amount_EconomicActivity_GrossValueAdded_ElectricityGasSteamAirConditionSupply,2461880000000,INR,MOSPIFirstAdvanceEstimates,P1Y
2017,country/IND,dcid:Nominal_Amount_EconomicActivity_GrossValueAdded_ConstructionSector,10756320000000,INR,MOSPIFirstAdvanceEstimates,P1Y
2017,country/IND,dcid:RealValue_Amount_EconomicActivity_GrossValueAdded_ConstructionSector,9139180000000,INR,MOSPIFirstAdvanceEstimates,P1Y
2017,country/IND,dcid:Nominal_Amount_EconomicActivity_GrossValueAdded_TradeSectorOrTransportStorageSectorOrPublishingBroadcastingInformationActivities,24820190000000,INR,MOSPIFirstAdvanceEstimates,P1Y
2017,country/IND,dcid:RealValue_Amount_EconomicActivity_GrossValueAdded_TradeSectorOrTransportStorageSectorOrPublishingBroadcastingInformationActivities,21178670000000,INR,MOSPIFirstAdvanceEstimates,P1Y
2017,country/IND,dcid:Nominal_Amount_EconomicActivity_GrossValueAdded_FinanceService,28452390000000,INR,MOSPIFirstAdvanceEstimates,P1Y
2017,country/IND,dcid:RealValue_Amount_EconomicActivity_GrossValueAdded_FinanceService,24503910000000,INR,MOSPIFirstAdvanceEstimates,P1Y
2017,country/IND,dcid:Nominal_Amount_EconomicActivity_GrossValueAdded_PublicAdministrationAndDefenceOrMOSPIOtherService,20373150000000,INR,MOSPIFirstAdvanceEstimates,P1Y
2017,country/IND,dcid:RealValue_Amount_EconomicActivity_GrossValueAdded_PublicAdministrationAndDefenceOrMOSPIOtherService,14851510000000,INR,MOSPIFirstAdvanceEstimates,P1Y
2017,country/IND,dcid:Nominal_Amount_EconomicActivity_GrossValueAdded,136021750000000,INR,MOSPIFirstAdvanceEstimates,P1Y
2017,country/IND,dcid:Amount_EconomicActivity_GrossValueAdded_RealValue,111530380000000,INR,MOSPIFirstAdvanceEstimates,P1Y
2016,country/IND,dcid:Nominal_Amount_EconomicActivity_GrossValueAdded_AgricultureForestryFishingSector,20826920000000,INR,MOSPIFirstAdvanceEstimates,P1Y
2016,country/IND,dcid:RealValue_Amount_EconomicActivity_GrossValueAdded_AgricultureForestryFishingSector,16020360000000,INR,MOSPIFirstAdvanceEstimates,P1Y
2016,country/IND,dcid:Nominal_Amount_EconomicActivity_GrossValueAdded_MiningQuarrying,3155850000000,INR,MOSPIFirstAdvanceEstimates,P1Y
2016,country/IND,dcid:RealValue_Amount_EconomicActivity_GrossValueAdded_MiningQuarrying,3168110000000,INR,MOSPIFirstAdvanceEstimates,P1Y
2016,country/IND,dcid:Nominal_Amount_EconomicActivity_GrossValueAdded_ManufacturingSector,19950790000000,INR,MOSPIFirstAdvanceEstimates,P1Y
2016,country/IND,dcid:RealValue_Amount_EconomicActivity_GrossValueAdded_ManufacturingSector,18253710000000,INR,MOSPIFirstAdvanceEstimates,P1Y
2016,country/IND,dcid:Nominal_Amount_EconomicActivity_GrossValueAdded_ElectricityGasSteamAirConditionSupply,3193900000000,INR,MOSPIFirstAdvanceEstimates,P1Y
2016,country/IND,dcid:RealValue_Amount_EconomicActivity_GrossValueAdded_ElectricityGasSteamAirConditionSupply,2296810000000,INR,MOSPIFirstAdvanceEstimates,P1Y
2016,country/IND,dcid:Nominal_Amount_EconomicActivity_GrossValueAdded_ConstructionSector,10097640000000,INR,MOSPIFirstAdvanceEstimates,P1Y
2016,country/IND,dcid:RealValue_Amount_EconomicActivity_GrossValueAdded_ConstructionSector,8861790000000,INR,MOSPIFirstAdvanceEstimates,P1Y
2016,country/IND,dcid:Nominal_Amount_EconomicActivity_GrossValueAdded_TradeSectorOrTransportStorageSectorOrPublishingBroadcastingInformationActivities,22777340000000,INR,MOSPIFirstAdvanceEstimates,P1Y
2016,country/IND,dcid:RealValue_Amount_EconomicActivity_GrossValueAdded_TradeSectorOrTransportStorageSectorOrPublishingBroadcastingInformationActivities,20078660000000,INR,MOSPIFirstAdvanceEstimates,P1Y
2016,country/IND,dcid:Nominal_Amount_EconomicActivity_GrossValueAdded_FinanceService,25255320000000,INR,MOSPIFirstAdvanceEstimates,P1Y
2016,country/IND,dcid:RealValue_Amount_EconomicActivity_GrossValueAdded_FinanceService,22492430000000,INR,MOSPIFirstAdvanceEstimates,P1Y
2016,country/IND,dcid:Nominal_Amount_EconomicActivity_GrossValueAdded_PublicAdministrationAndDefenceOrMOSPIOtherService,17265300000000,INR,MOSPIFirstAdvanceEstimates,P1Y
2016,country/IND,dcid:RealValue_Amount_EconomicActivity_GrossValueAdded_PublicAdministrationAndDefenceOrMOSPIOtherService,13203930000000,INR,MOSPIFirstAdvanceEstimates,P1Y
2016,country/IND,dcid:Nominal_Amount_EconomicActivity_GrossValueAdded,122523060000000,INR,MOSPIFirstAdvanceEstimates,P1Y
2016,country/IND,dcid:Amount_EconomicActivity_GrossValueAdded_RealValue,104375790000000,INR,MOSPIFirstAdvanceEstimates,P1Y
2015,country/IND,dcid:Nominal_Amount_EconomicActivity_GrossValueAdded_AgricultureForestryFishingSector,19822810000000,INR,MOSPIFirstAdvanceEstimates,P1Y
2015,country/IND,dcid:RealValue_Amount_EconomicActivity_GrossValueAdded_AgricultureForestryFishingSector,15968770000000,INR,MOSPIFirstAdvanceEstimates,P1Y
2015,country/IND,dcid:Nominal_Amount_EconomicActivity_GrossValueAdded_MiningQuarrying,2973100000000,INR,MOSPIFirstAdvanceEstimates,P1Y
2015,country/IND,dcid:RealValue_Amount_EconomicActivity_GrossValueAdded_MiningQuarrying,2826050000000,INR,MOSPIFirstAdvanceEstimates,P1Y
2015,country/IND,dcid:Nominal_Amount_EconomicActivity_GrossValueAdded_ManufacturingSector,19911910000000,INR,MOSPIFirstAdvanceEstimates,P1Y
2015,country/IND,dcid:RealValue_Amount_EconomicActivity_GrossValueAdded_ManufacturingSector,17702320000000,INR,MOSPIFirstAdvanceEstimates,P1Y
2015,country/IND,dcid:Nominal_Amount_EconomicActivity_GrossValueAdded_ElectricityGasSteamAirConditionSupply,2865170000000,INR,MOSPIFirstAdvanceEstimates,P1Y
2015,country/IND,dcid:RealValue_Amount_EconomicActivity_GrossValueAdded_ElectricityGasSteamAirConditionSupply,2322690000000,INR,MOSPIFirstAdvanceEstimates,P1Y
2015,country/IND,dcid:Nominal_Amount_EconomicActivity_GrossValueAdded_ConstructionSector,9381260000000,INR,MOSPIFirstAdvanceEstimates,P1Y
2015,country/IND,dcid:RealValue_Amount_EconomicActivity_GrossValueAdded_ConstructionSector,7926630000000,INR,MOSPIFirstAdvanceEstimates,P1Y
2015,country/IND,dcid:Nominal_Amount_EconomicActivity_GrossValueAdded_TradeSectorOrTransportStorageSectorOrPublishingBroadcastingInformationActivities,21819980000000,INR,MOSPIFirstAdvanceEstimates,P1Y
2015,country/IND,dcid:RealValue_Amount_EconomicActivity_GrossValueAdded_TradeSectorOrTransportStorageSectorOrPublishingBroadcastingInformationActivities,18652300000000,INR,MOSPIFirstAdvanceEstimates,P1Y
2015,country/IND,dcid:Nominal_Amount_EconomicActivity_GrossValueAdded_FinanceService,24409850000000,INR,MOSPIFirstAdvanceEstimates,P1Y
2015,country/IND,dcid:RealValue_Amount_EconomicActivity_GrossValueAdded_FinanceService,20557060000000,INR,MOSPIFirstAdvanceEstimates,P1Y
2015,country/IND,dcid:Nominal_Amount_EconomicActivity_GrossValueAdded_PublicAdministrationAndDefenceOrMOSPIOtherService,15712970000000,INR,MOSPIFirstAdvanceEstimates,P1Y
2015,country/IND,dcid:RealValue_Amount_EconomicActivity_GrossValueAdded_PublicAdministrationAndDefenceOrMOSPIOtherService,12620910000000,INR,MOSPIFirstAdvanceEstimates,P1Y
2015,country/IND,dcid:Nominal_Amount_EconomicActivity_GrossValueAdded,116897050000000,INR,MOSPIFirstAdvanceEstimates,P1Y
2015,country/IND,dcid:Amount_EconomicActivity_GrossValueAdded_RealValue,98576720000000,INR,MOSPIFirstAdvanceEstimates,P1Y
